Point,Pressure(hPa),Temp(C),Pressure(hPa),Temp(C)
0,1000.220000,20.120000,999.960000,21.440000
30,1000.220000,20.080000,999.960000,21.640000
60,1000.210000,20.060000,999.960000,21.750000
90,1000.220000,20.040000,999.960000,21.810000
120,1000.210000,20.050000,999.960000,21.860000
150,1000.220000,20.070000,999.970000,21.900000
180,1000.230000,20.070000,999.970000,21.920000
210,1000.240000,20.070000,999.980000,21.940000
240,1000.230000,20.110000,999.970000,21.950000
270,1000.220000,20.190000,999.970000,21.990000
300,1000.210000,20.280000,999.950000,22.040000
330,1000.210000,20.380000,999.950000,22.180000
360,1000.190000,20.460000,999.950000,22.380000
390,1000.200000,20.570000,999.940000,22.610000
420,1000.200000,20.630000,999.940000,22.870000
450,1000.190000,20.690000,999.930000,23.130000
480,1000.170000,20.730000,999.920000,23.380000
510,1000.160000,20.790000,999.910000,23.580000
540,1000.160000,20.870000,999.910000,23.810000
570,1000.160000,20.930000,999.920000,24.020000
600,1000.180000,21.000000,999.930000,24.220000
630,1000.180000,21.040000,999.930000,24.380000
660,1000.170000,21.080000,999.910000,24.520000
690,1000.150000,21.120000,999.900000,24.670000
720,1000.140000,21.170000,999.890000,24.790000
750,1000.140000,21.210000,999.890000,24.920000
780,1000.130000,21.260000,999.870000,25.030000
810,1000.120000,21.310000,999.870000,25.120000
840,1000.110000,21.340000,999.860000,25.210000
870,1000.110000,21.380000,999.850000,25.310000
900,1000.100000,21.420000,999.850000,25.370000
930,1000.100000,21.460000,999.840000,25.450000
960,1000.090000,21.490000,999.840000,25.500000
990,1000.100000,21.510000,999.850000,25.550000
1020,1000.100000,21.520000,999.850000,25.590000
1050,1000.090000,21.500000,999.840000,25.660000
1080,1000.080000,21.530000,999.830000,25.720000
1110,1000.080000,21.540000,999.830000,25.760000
1140,1000.090000,21.550000,999.840000,25.830000
1170,1000.090000,21.570000,999.830000,25.860000
1200,1000.090000,21.590000,999.840000,25.930000
1230,1000.070000,21.630000,999.820000,25.970000
1260,1000.070000,21.650000,999.820000,26.000000
1290,1000.080000,21.690000,999.830000,26.050000
1320,1000.080000,21.710000,999.830000,26.030000
1350,1000.060000,21.730000,999.810000,26.080000
1380,1000.050000,21.790000,999.800000,26.100000
1410,1000.040000,21.800000,999.790000,26.120000
1440,1000.030000,21.800000,999.780000,26.170000
1470,1000.020000,21.830000,999.770000,26.200000
1500,1000.020000,21.870000,999.770000,26.230000
1530,1000.020000,21.860000,999.770000,26.250000
1560,1000.020000,21.870000,999.770000,26.250000
1590,1000.010000,21.870000,999.760000,26.280000
1620,1000.000000,21.890000,999.740000,26.300000
1650,999.980000,21.900000,999.730000,26.350000
1680,999.970000,21.910000,999.720000,26.360000
1710,999.970000,21.940000,999.720000,26.370000
1740,999.970000,21.930000,999.710000,26.390000
1770,999.960000,21.940000,999.710000,26.430000
1800,999.950000,21.930000,999.700000,26.420000
1830,999.930000,21.930000,999.690000,26.470000
1860,999.930000,21.940000,999.680000,26.480000
1890,999.920000,21.960000,999.670000,26.480000
1920,999.930000,21.970000,999.680000,26.490000
1950,999.920000,22.000000,999.660000,26.500000
1980,999.900000,21.990000,999.650000,26.510000
2010,999.890000,21.980000,999.650000,26.530000
2040,999.890000,21.980000,999.650000,26.530000
2070,999.890000,22.000000,999.640000,26.510000
2100,999.900000,22.020000,999.640000,26.510000
2130,999.900000,22.030000,999.650000,26.520000
2160,999.910000,22.040000,999.660000,26.550000
2190,999.900000,22.030000,999.660000,26.570000
2220,999.900000,22.040000,999.640000,26.560000
2250,999.890000,22.030000,999.630000,26.540000
2280,999.860000,22.030000,999.600000,26.520000
2310,999.840000,22.020000,999.590000,26.530000
2340,999.840000,22.010000,999.590000,26.530000
2370,999.840000,22.010000,999.590000,26.510000
2400,999.850000,22.000000,999.600000,26.490000
2430,999.860000,22.030000,999.600000,26.500000
2460,999.850000,22.030000,999.600000,26.490000
2490,999.840000,22.040000,999.590000,26.490000
2520,999.840000,22.060000,999.590000,26.470000
2550,999.830000,22.050000,999.580000,26.440000
2580,999.830000,22.050000,999.580000,26.430000
2610,999.820000,22.080000,999.570000,26.450000
2640,999.820000,22.070000,999.570000,26.420000
2670,999.810000,22.070000,999.560000,26.420000
2700,999.820000,22.060000,999.570000,26.410000
2730,999.820000,22.050000,999.570000,26.420000
2760,999.820000,22.060000,999.560000,26.400000
2790,999.810000,22.090000,999.560000,26.390000
2820,999.790000,22.060000,999.540000,26.350000
2850,999.780000,22.070000,999.520000,26.340000
2880,999.770000,22.090000,999.510000,26.340000
2910,999.760000,22.120000,999.510000,26.310000
2940,999.750000,22.110000,999.510000,26.310000
2970,999.740000,22.120000,999.490000,26.280000
3000,999.730000,22.140000,999.480000,26.270000
3030,999.720000,22.150000,999.460000,26.270000
3060,999.710000,22.150000,999.450000,26.250000
3090,999.710000,22.150000,999.460000,26.230000
3120,999.700000,22.170000,999.450000,26.230000
3150,999.680000,22.160000,999.430000,26.220000
3180,999.680000,22.160000,999.420000,26.190000
3210,999.680000,22.160000,999.420000,26.180000
3240,999.670000,22.190000,999.410000,26.160000
3270,999.660000,22.210000,999.400000,26.150000
3300,999.640000,22.170000,999.390000,26.110000
3330,999.630000,22.170000,999.380000,26.100000
3360,999.630000,22.160000,999.370000,26.070000
3390,999.620000,22.190000,999.370000,26.060000
3420,999.620000,22.220000,999.370000,26.060000
3450,999.620000,22.210000,999.370000,26.040000
3480,999.640000,22.200000,999.380000,26.030000
3510,999.640000,22.220000,999.390000,26.030000
3540,999.640000,22.180000,999.390000,25.990000
3570,999.620000,22.180000,999.370000,25.980000
3600,999.600000,22.180000,999.340000,25.960000
3630,999.580000,22.180000,999.320000,25.960000
3660,999.560000,22.170000,999.300000,25.930000
3690,999.530000,22.170000,999.280000,25.910000
3720,999.520000,22.180000,999.260000,25.910000
3750,999.520000,22.190000,999.260000,25.880000
3780,999.530000,22.220000,999.280000,25.890000
3810,999.550000,22.210000,999.290000,25.880000
3840,999.550000,22.230000,999.300000,25.870000
3870,999.560000,22.220000,999.310000,25.850000
3900,999.560000,22.200000,999.310000,25.800000
3930,999.570000,22.180000,999.310000,25.790000
3960,999.570000,22.190000,999.310000,25.760000
3990,999.560000,22.190000,999.300000,25.730000
4020,999.550000,22.180000,999.300000,25.730000
4050,999.540000,22.200000,999.290000,25.720000
4080,999.520000,22.200000,999.270000,25.730000
4110,999.500000,22.200000,999.240000,25.680000
4140,999.470000,22.200000,999.220000,25.660000
4170,999.480000,22.180000,999.230000,25.650000
4200,999.490000,22.170000,999.240000,25.660000
4230,999.510000,22.170000,999.260000,25.640000
4260,999.530000,22.180000,999.270000,25.600000
4290,999.550000,22.180000,999.300000,25.600000
4320,999.570000,22.190000,999.320000,25.600000
4350,999.580000,22.210000,999.320000,25.590000
4380,999.580000,22.230000,999.330000,25.590000
4410,999.580000,22.240000,999.330000,25.580000
4440,999.590000,22.240000,999.330000,25.560000
4470,999.570000,22.240000,999.320000,25.550000
4500,999.550000,22.250000,999.290000,25.560000
4530,999.520000,22.270000,999.260000,25.550000
4560,999.500000,22.260000,999.240000,25.530000
4590,999.500000,22.230000,999.240000,25.530000
4620,999.500000,22.230000,999.250000,25.490000
4650,999.500000,22.260000,999.250000,25.470000
4680,999.510000,22.230000,999.260000,25.470000
4710,999.520000,22.260000,999.270000,25.480000
4740,999.530000,22.280000,999.280000,25.470000
4770,999.530000,22.280000,999.280000,25.450000
4800,999.530000,22.250000,999.280000,25.450000
4830,999.530000,22.250000,999.270000,25.430000
4860,999.540000,22.260000,999.290000,25.420000
4890,999.550000,22.260000,999.310000,25.430000
4920,999.570000,22.280000,999.320000,25.370000
4950,999.580000,22.270000,999.340000,25.370000
4980,999.600000,22.260000,999.350000,25.360000
5010,999.600000,22.290000,999.350000,25.350000
5040,999.600000,22.290000,999.350000,25.340000
5070,999.600000,22.260000,999.350000,25.350000
5100,999.590000,22.270000,999.340000,25.320000
5130,999.580000,22.250000,999.320000,25.320000
5160,999.550000,22.240000,999.300000,25.300000
5190,999.540000,22.230000,999.290000,25.290000
5220,999.520000,22.230000,999.270000,25.280000
5250,999.500000,22.220000,999.250000,25.260000
5280,999.480000,22.250000,999.230000,25.230000
5310,999.460000,22.230000,999.210000,25.230000
5340,999.450000,22.250000,999.200000,25.220000
5370,999.440000,22.280000,999.190000,25.210000
5400,999.440000,22.330000,999.190000,25.240000
5430,999.430000,22.330000,999.180000,25.200000
5460,999.450000,22.350000,999.200000,25.200000
5490,999.460000,22.360000,999.210000,25.170000
5520,999.470000,22.350000,999.220000,25.170000
5550,999.480000,22.330000,999.230000,25.170000
5580,999.490000,22.310000,999.240000,25.140000
5610,999.510000,22.320000,999.260000,25.150000
5640,999.520000,22.330000,999.270000,25.140000
5670,999.530000,22.310000,999.270000,25.140000
5700,999.530000,22.310000,999.270000,25.130000
5730,999.520000,22.290000,999.260000,25.110000
5760,999.510000,22.310000,999.260000,25.120000
5790,999.510000,22.310000,999.260000,25.120000
5820,999.500000,22.330000,999.240000,25.090000
5850,999.480000,22.320000,999.230000,25.110000
5880,999.470000,22.330000,999.210000,25.100000
5910,999.460000,22.340000,999.210000,25.100000
5940,999.470000,22.360000,999.210000,25.080000
5970,999.480000,22.350000,999.230000,25.080000
6000,999.490000,22.340000,999.240000,25.070000
6030,999.500000,22.340000,999.250000,25.060000
6060,999.510000,22.340000,999.260000,25.070000
6090,999.520000,22.340000,999.270000,25.070000
6120,999.520000,22.310000,999.270000,25.050000
6150,999.530000,22.330000,999.280000,25.040000
6180,999.530000,22.340000,999.280000,25.040000
6210,999.540000,22.320000,999.280000,25.010000
6240,999.540000,22.310000,999.290000,25.000000
6270,999.540000,22.300000,999.290000,25.010000
6300,999.540000,22.320000,999.280000,25.000000
6330,999.530000,22.300000,999.280000,24.990000
6360,999.540000,22.310000,999.290000,24.990000
6390,999.540000,22.320000,999.280000,24.970000
6420,999.520000,22.310000,999.270000,24.980000
6450,999.520000,22.320000,999.270000,24.980000
6480,999.530000,22.330000,999.270000,24.960000
6510,999.530000,22.350000,999.280000,24.990000
6540,999.530000,22.380000,999.270000,24.960000
6570,999.530000,22.350000,999.270000,24.960000
6600,999.520000,22.350000,999.270000,24.970000
6630,999.520000,22.380000,999.270000,24.960000
6660,999.530000,22.380000,999.270000,24.950000
6690,999.520000,22.400000,999.270000,24.950000
6720,999.520000,22.360000,999.270000,24.970000
6750,999.520000,22.360000,999.270000,24.950000
6780,999.520000,22.360000,999.270000,24.960000
6810,999.520000,22.360000,999.270000,24.910000
6840,999.520000,22.360000,999.270000,24.940000
6870,999.530000,22.360000,999.270000,24.920000
6900,999.540000,22.370000,999.280000,24.930000
6930,999.540000,22.370000,999.290000,24.920000
6960,999.530000,22.380000,999.280000,24.890000
6990,999.520000,22.360000,999.270000,24.910000
7020,999.510000,22.230000,999.270000,24.900000
7050,999.510000,22.200000,999.270000,24.920000
7080,999.500000,22.180000,999.260000,24.910000
7110,999.500000,22.160000,999.260000,24.890000
7140,999.490000,22.160000,999.250000,24.890000
7170,999.490000,22.120000,999.250000,24.900000
7200,999.500000,22.080000,999.260000,24.890000
7230,999.500000,22.030000,999.260000,24.870000
7260,999.500000,21.980000,999.260000,24.860000
7290,999.500000,21.950000,999.260000,24.820000
7320,999.500000,21.900000,999.270000,24.850000
7350,999.510000,21.880000,999.270000,24.830000
7380,999.510000,21.870000,999.270000,24.830000
7410,999.510000,21.880000,999.260000,24.810000
7440,999.500000,21.840000,999.260000,24.800000
7470,999.500000,21.780000,999.260000,24.800000
7500,999.500000,21.750000,999.260000,24.790000
7530,999.500000,21.740000,999.270000,24.810000
7560,999.510000,21.750000,999.270000,24.790000
7590,999.520000,21.760000,999.280000,24.770000
7620,999.520000,21.730000,999.270000,24.770000
7650,999.520000,21.720000,999.270000,24.780000
7680,999.520000,21.690000,999.280000,24.780000
7710,999.520000,21.660000,999.270000,24.760000
7740,999.520000,21.660000,999.280000,24.770000
7770,999.520000,21.650000,999.280000,24.760000
7800,999.520000,21.660000,999.280000,24.750000
7830,999.520000,21.670000,999.280000,24.760000
7860,999.520000,21.640000,999.270000,24.730000
7890,999.520000,21.610000,999.270000,24.730000
7920,999.520000,21.600000,999.270000,24.720000
7950,999.520000,21.590000,999.270000,24.740000
7980,999.510000,21.580000,999.270000,24.720000
8010,999.500000,21.570000,999.260000,24.700000
8040,999.500000,21.560000,999.260000,24.700000
8070,999.500000,21.550000,999.260000,24.700000
8100,999.490000,21.540000,999.250000,24.670000
8130,999.490000,21.550000,999.250000,24.670000
8160,999.490000,21.550000,999.250000,24.680000
8190,999.480000,21.550000,999.240000,24.680000
8220,999.490000,21.560000,999.250000,24.670000
8250,999.490000,21.550000,999.240000,24.670000
8280,999.480000,21.540000,999.240000,24.660000
8310,999.480000,21.520000,999.240000,24.660000
8340,999.480000,21.510000,999.230000,24.650000
8370,999.470000,21.500000,999.230000,24.640000
8400,999.460000,21.500000,999.220000,24.650000
8430,999.450000,21.510000,999.210000,24.650000
8460,999.450000,21.500000,999.200000,24.650000
8490,999.430000,21.500000,999.190000,24.640000
8520,999.420000,21.500000,999.180000,24.620000
8550,999.420000,21.480000,999.170000,24.630000
8580,999.410000,21.490000,999.170000,24.630000
8610,999.410000,21.490000,999.160000,24.620000
8640,999.400000,21.500000,999.160000,24.630000
8670,999.390000,21.490000,999.150000,24.610000
8700,999.390000,21.490000,999.150000,24.620000
8730,999.390000,21.490000,999.150000,24.600000
8760,999.390000,21.470000,999.150000,24.610000
8790,999.390000,21.470000,999.150000,24.610000
8820,999.390000,21.470000,999.140000,24.590000
8850,999.380000,21.460000,999.140000,24.610000
8880,999.390000,21.460000,999.140000,24.600000
8910,999.380000,21.470000,999.140000,24.600000
8940,999.380000,21.480000,999.140000,24.600000
8970,999.380000,21.470000,999.140000,24.600000
9000,999.380000,21.470000,999.140000,24.620000
9030,999.380000,21.480000,999.130000,24.620000
9060,999.380000,21.470000,999.130000,24.620000
9090,999.370000,21.480000,999.130000,24.620000
9120,999.370000,21.470000,999.130000,24.620000
9150,999.370000,21.460000,999.130000,24.590000
9180,999.370000,21.430000,999.120000,24.590000
9210,999.360000,21.410000,999.120000,24.600000
9240,999.360000,21.420000,999.110000,24.600000
9270,999.350000,21.400000,999.110000,24.570000
9300,999.340000,21.400000,999.100000,24.600000
9330,999.340000,21.410000,999.100000,24.600000
9360,999.340000,21.400000,999.100000,24.600000
9390,999.340000,21.410000,999.100000,24.590000
9420,999.340000,21.390000,999.100000,24.560000
9450,999.340000,21.400000,999.100000,24.560000
9480,999.340000,21.380000,999.090000,24.550000
9510,999.330000,21.380000,999.090000,24.540000
9540,999.330000,21.370000,999.080000,24.550000
9570,999.320000,21.380000,999.070000,24.540000
9600,999.310000,21.370000,999.070000,24.540000
9630,999.310000,21.350000,999.070000,24.530000
9660,999.300000,21.350000,999.060000,24.530000
9690,999.300000,21.350000,999.060000,24.540000
9720,999.290000,21.350000,999.040000,24.500000
9750,999.280000,21.350000,999.040000,24.510000
9780,999.270000,21.340000,999.030000,24.500000
9810,999.270000,21.340000,999.020000,24.510000
9840,999.260000,21.330000,999.020000,24.530000
9870,999.260000,21.350000,999.020000,24.530000
9900,999.270000,21.340000,999.020000,24.510000
9930,999.270000,21.330000,999.030000,24.520000
9960,999.270000,21.350000,999.030000,24.540000
9990,999.280000,21.360000,999.040000,24.540000
10020,999.280000,21.370000,999.040000,24.530000
10050,999.290000,21.360000,999.050000,24.540000
10080,999.300000,21.350000,999.060000,24.520000
10110,999.310000,21.340000,999.060000,24.500000
10140,999.310000,21.320000,999.070000,24.500000
10170,999.310000,21.310000,999.080000,24.520000
10200,999.320000,21.320000,999.080000,24.520000
10230,999.320000,21.340000,999.080000,24.540000
10260,999.320000,21.360000,999.080000,24.530000
10290,999.320000,21.370000,999.080000,24.540000
10320,999.320000,21.360000,999.070000,24.520000
10350,999.320000,21.360000,999.070000,24.530000
10380,999.310000,21.360000,999.070000,24.530000
10410,999.310000,21.370000,999.060000,24.520000
10440,999.300000,21.370000,999.060000,24.510000
10470,999.300000,21.360000,999.060000,24.520000
10500,999.300000,21.360000,999.060000,24.510000
10530,999.300000,21.350000,999.060000,24.490000
10560,999.310000,21.340000,999.070000,24.500000
10590,999.320000,21.330000,999.080000,24.500000
10620,999.320000,21.330000,999.090000,24.510000
10650,999.340000,21.320000,999.090000,24.490000
10680,999.350000,21.300000,999.110000,24.470000
10710,999.350000,21.310000,999.110000,24.490000
10740,999.360000,21.320000,999.110000,24.500000
10770,999.360000,21.330000,999.120000,24.510000
10800,999.360000,21.320000,999.120000,24.520000
10830,999.360000,21.320000,999.120000,24.480000
10860,999.360000,21.290000,999.120000,24.510000
10890,999.360000,21.280000,999.120000,24.490000
10920,999.360000,21.290000,999.110000,24.490000
10950,999.360000,21.300000,999.110000,24.480000
10980,999.350000,21.290000,999.110000,24.480000
11010,999.360000,21.270000,999.120000,24.500000
11040,999.360000,21.270000,999.120000,24.480000
11070,999.370000,21.270000,999.120000,24.450000
11100,999.370000,21.260000,999.120000,24.450000
11130,999.370000,21.260000,999.130000,24.460000
11160,999.370000,21.270000,999.130000,24.450000
11190,999.380000,21.270000,999.140000,24.460000
11220,999.390000,21.290000,999.150000,24.470000
11250,999.390000,21.280000,999.150000,24.440000
11280,999.400000,21.260000,999.160000,24.450000
11310,999.400000,21.250000,999.160000,24.430000
11340,999.410000,21.280000,999.160000,24.420000
11370,999.410000,21.270000,999.160000,24.420000
11400,999.400000,21.290000,999.150000,24.430000
11430,999.390000,21.290000,999.150000,24.450000
11460,999.380000,21.270000,999.140000,24.410000
11490,999.380000,21.270000,999.140000,24.420000
11520,999.370000,21.240000,999.130000,24.420000
11550,999.370000,21.250000,999.120000,24.430000
11580,999.360000,21.250000,999.120000,24.390000
11610,999.360000,21.230000,999.120000,24.390000
11640,999.360000,21.230000,999.120000,24.390000
11670,999.360000,21.210000,999.120000,24.380000
11700,999.360000,21.210000,999.120000,24.370000
11730,999.350000,21.210000,999.110000,24.370000
11760,999.340000,21.210000,999.100000,24.350000
11790,999.340000,21.200000,999.090000,24.320000
11820,999.330000,21.210000,999.080000,24.320000
11850,999.320000,21.220000,999.080000,24.310000
11880,999.320000,21.240000,999.080000,24.340000
11910,999.320000,21.230000,999.080000,24.310000
11940,999.330000,21.220000,999.090000,24.320000
11970,999.330000,21.220000,999.090000,24.290000
12000,999.330000,21.220000,999.080000,24.280000
12030,999.330000,21.240000,999.090000,24.280000
12060,999.330000,21.250000,999.080000,24.290000
12090,999.320000,21.230000,999.080000,24.250000
12120,999.320000,21.230000,999.070000,24.240000
12150,999.320000,21.240000,999.070000,24.230000
12180,999.320000,21.240000,999.070000,24.230000
12210,999.320000,21.240000,999.070000,24.210000
12240,999.320000,21.250000,999.070000,24.220000
12270,999.320000,21.230000,999.080000,24.220000
12300,999.310000,21.240000,999.080000,24.230000
12330,999.320000,21.220000,999.070000,24.190000
12360,999.310000,21.220000,999.070000,24.200000
12390,999.300000,21.220000,999.060000,24.190000
12420,999.290000,21.210000,999.050000,24.170000
12450,999.290000,21.180000,999.050000,24.170000
12480,999.280000,21.170000,999.040000,24.160000
12510,999.280000,21.160000,999.040000,24.160000
12540,999.280000,21.160000,999.040000,24.170000
12570,999.280000,21.160000,999.040000,24.150000
12600,999.270000,21.160000,999.030000,24.130000
12630,999.280000,21.160000,999.040000,24.130000
12660,999.290000,21.150000,999.050000,24.130000
12690,999.290000,21.160000,999.060000,24.130000
12720,999.310000,21.170000,999.070000,24.130000
12750,999.320000,21.180000,999.080000,24.150000
12780,999.320000,21.170000,999.080000,24.120000
12810,999.330000,21.160000,999.090000,24.110000
12840,999.340000,21.170000,999.100000,24.120000
12870,999.340000,21.170000,999.110000,24.110000
12900,999.350000,21.170000,999.110000,24.120000
12930,999.360000,21.170000,999.120000,24.110000
12960,999.370000,21.160000,999.130000,24.110000
12990,999.370000,21.170000,999.140000,24.100000
13020,999.380000,21.180000,999.140000,24.100000
13050,999.370000,21.150000,999.130000,24.090000
13080,999.380000,21.170000,999.140000,24.100000
13110,999.380000,21.160000,999.140000,24.090000
13140,999.380000,21.160000,999.150000,24.080000
13170,999.390000,21.170000,999.150000,24.060000
13200,999.390000,21.150000,999.160000,24.080000
13230,999.400000,21.160000,999.160000,24.050000
13260,999.410000,21.160000,999.170000,24.060000
13290,999.410000,21.150000,999.180000,24.050000
13320,999.420000,21.140000,999.180000,24.020000
13350,999.430000,21.160000,999.180000,24.040000
13380,999.420000,21.150000,999.180000,24.030000
13410,999.420000,21.160000,999.180000,24.050000
13440,999.410000,21.150000,999.170000,24.060000
13470,999.410000,21.160000,999.170000,24.020000
13500,999.410000,21.150000,999.170000,24.040000
13530,999.410000,21.160000,999.160000,24.030000
13560,999.410000,21.150000,999.160000,24.020000
13590,999.400000,21.180000,999.160000,24.010000
13620,999.400000,21.190000,999.160000,24.020000
13650,999.400000,21.200000,999.150000,24.020000
13680,999.400000,21.180000,999.160000,24.040000
13710,999.400000,21.160000,999.160000,24.030000
13740,999.400000,21.140000,999.160000,24.020000
13770,999.410000,21.120000,999.160000,24.010000
13800,999.410000,21.130000,999.170000,24.010000
13830,999.420000,21.140000,999.180000,24.030000
13860,999.420000,21.140000,999.190000,24.000000
13890,999.450000,21.150000,999.200000,24.020000
13920,999.440000,21.140000,999.200000,24.000000
13950,999.440000,21.130000,999.190000,24.000000
13980,999.440000,21.110000,999.200000,24.010000
14010,999.440000,21.120000,999.200000,23.990000
14040,999.450000,21.110000,999.210000,24.000000
14070,999.450000,21.130000,999.210000,23.990000
14100,999.450000,21.100000,999.210000,23.920000
14130,999.450000,21.110000,999.210000,23.890000
14160,999.450000,21.110000,999.210000,23.840000
14190,999.460000,21.100000,999.220000,23.770000
14220,999.460000,21.090000,999.220000,23.710000
14250,999.470000,21.080000,999.230000,23.640000
14280,999.480000,21.070000,999.240000,23.590000
14310,999.500000,21.090000,999.250000,23.540000
14340,999.500000,21.070000,999.260000,23.500000
14370,999.510000,21.070000,999.270000,23.450000
14400,999.520000,21.070000,999.280000,23.430000
14430,999.530000,21.050000,999.290000,23.390000
14460,999.530000,21.050000,999.290000,23.350000
14490,999.540000,21.050000,999.300000,23.340000
14520,999.540000,21.040000,999.310000,23.310000
14550,999.550000,21.040000,999.310000,23.300000
14580,999.550000,21.020000,999.320000,23.280000
14610,999.560000,21.010000,999.320000,23.240000
14640,999.570000,21.000000,999.330000,23.210000
14670,999.580000,21.010000,999.340000,23.190000
14700,999.580000,21.010000,999.350000,23.190000
14730,999.590000,21.010000,999.350000,23.170000
14760,999.590000,21.010000,999.350000,23.150000
14790,999.600000,21.020000,999.360000,23.140000
14820,999.610000,21.030000,999.370000,23.140000
14850,999.620000,21.030000,999.380000,23.130000
14880,999.620000,21.030000,999.380000,23.110000
14910,999.630000,21.030000,999.390000,23.110000
14940,999.630000,21.020000,999.390000,23.110000
14970,999.640000,21.020000,999.400000,23.100000
15000,999.640000,21.040000,999.400000,23.070000
15030,999.640000,21.030000,999.400000,23.060000
15060,999.640000,21.040000,999.400000,23.060000
15090,999.650000,21.040000,999.410000,23.070000
15120,999.660000,21.010000,999.420000,23.050000
15150,999.670000,21.020000,999.430000,23.070000
15180,999.680000,21.010000,999.440000,23.070000
15210,999.680000,21.020000,999.450000,23.070000
15240,999.690000,21.020000,999.450000,23.040000
15270,999.700000,21.020000,999.460000,23.030000
15300,999.710000,21.030000,999.470000,23.020000
15330,999.720000,21.020000,999.480000,23.020000
15360,999.720000,21.020000,999.480000,23.030000
15390,999.720000,21.020000,999.490000,23.030000
15420,999.720000,21.020000,999.480000,23.000000
15450,999.730000,21.020000,999.490000,23.000000
15480,999.740000,21.020000,999.490000,22.990000
15510,999.750000,21.020000,999.500000,22.980000
15540,999.750000,21.000000,999.510000,22.980000
15570,999.760000,21.010000,999.510000,22.990000
15600,999.760000,21.020000,999.530000,23.010000
15630,999.770000,21.000000,999.530000,22.990000
15660,999.780000,21.000000,999.540000,23.000000
15690,999.790000,21.020000,999.540000,22.970000
15720,999.790000,20.990000,999.550000,22.990000
15750,999.800000,20.980000,999.560000,22.970000
15780,999.800000,20.970000,999.560000,22.940000
15810,999.810000,20.890000,999.580000,22.930000
15840,999.830000,20.820000,999.590000,22.910000
15870,999.840000,20.750000,999.610000,22.920000
15900,999.860000,20.690000,999.620000,22.890000
15930,999.860000,20.630000,999.620000,22.870000
15960,999.870000,20.540000,999.630000,22.830000
15990,999.880000,20.370000,999.640000,22.790000
16020,999.890000,20.220000,999.650000,22.770000
16050,999.890000,20.110000,999.650000,22.730000
16080,999.890000,19.990000,999.660000,22.680000
16110,999.900000,19.850000,999.660000,22.650000
16140,999.900000,19.710000,999.670000,22.590000
16170,999.910000,19.550000,999.670000,22.530000
16200,999.910000,19.450000,999.670000,22.470000
16230,999.920000,19.420000,999.670000,22.450000
16260,999.910000,19.410000,999.670000,22.420000
16290,999.920000,19.420000,999.670000,22.360000
16320,999.920000,19.460000,999.680000,22.330000
16350,999.930000,19.490000,999.680000,22.320000
16380,999.930000,19.540000,999.690000,22.300000
16410,999.940000,19.610000,999.690000,22.270000
16440,999.940000,19.670000,999.690000,22.260000
16470,999.940000,19.720000,999.700000,22.260000
16500,999.940000,19.760000,999.700000,22.240000
16530,999.940000,19.810000,999.700000,22.250000
16560,999.950000,19.840000,999.710000,22.220000
16590,999.940000,19.900000,999.700000,22.220000
16620,999.950000,19.940000,999.710000,22.220000
16650,999.950000,19.990000,999.710000,22.240000
16680,999.950000,20.030000,999.710000,22.230000
16710,999.950000,20.120000,999.710000,22.250000
16740,999.950000,20.160000,999.710000,22.240000
16770,999.960000,20.190000,999.710000,22.280000
16800,999.960000,20.190000,999.720000,22.270000
16830,999.960000,20.220000,999.710000,22.260000
16860,999.960000,20.230000,999.720000,22.280000
16890,999.970000,20.240000,999.730000,22.280000
16920,999.980000,20.260000,999.740000,22.310000
16950,999.990000,20.290000,999.750000,22.290000
16980,1000.000000,20.310000,999.760000,22.300000
17010,1000.010000,20.300000,999.770000,22.290000
17040,1000.010000,20.320000,999.770000,22.300000
17070,1000.020000,20.360000,999.780000,22.300000
17100,1000.030000,20.400000,999.790000,22.320000
17130,1000.040000,20.400000,999.790000,22.330000
17160,1000.040000,20.410000,999.800000,22.330000
17190,1000.040000,20.400000,999.800000,22.340000
17220,1000.050000,20.420000,999.810000,22.360000
17250,1000.060000,20.430000,999.810000,22.350000
17280,1000.060000,20.430000,999.820000,22.370000
17310,1000.060000,20.460000,999.820000,22.350000
17340,1000.060000,20.450000,999.830000,22.400000
17370,1000.070000,20.480000,999.830000,22.370000
17400,1000.070000,20.480000,999.840000,22.390000
17430,1000.070000,20.480000,999.830000,22.390000
17460,1000.080000,20.500000,999.830000,22.390000
17490,1000.080000,20.490000,999.840000,22.410000
17520,1000.080000,20.480000,999.850000,22.410000
17550,1000.090000,20.480000,999.850000,22.410000
17580,1000.090000,20.490000,999.860000,22.410000
17610,1000.100000,20.500000,999.860000,22.430000
17640,1000.100000,20.520000,999.870000,22.550000
17670,1000.110000,20.540000,999.870000,22.730000
17700,1000.110000,20.530000,999.870000,22.930000
17730,1000.110000,20.540000,999.870000,23.150000
17760,1000.120000,20.570000,999.880000,23.360000
17790,1000.120000,20.560000,999.890000,23.550000
17820,1000.130000,20.570000,999.890000,23.700000
17850,1000.140000,20.570000,999.900000,23.900000
17880,1000.140000,20.550000,999.910000,24.030000
17910,1000.150000,20.560000,999.920000,24.150000
17940,1000.160000,20.570000,999.930000,24.230000
17970,1000.170000,20.580000,999.930000,24.310000
18000,1000.170000,20.560000,999.940000,24.400000
18030,1000.180000,20.570000,999.950000,24.440000
18060,1000.200000,20.570000,999.960000,24.470000
18090,1000.200000,20.560000,999.970000,24.520000
18120,1000.200000,20.570000,999.970000,24.560000
18150,1000.210000,20.580000,999.970000,24.570000
18180,1000.220000,20.580000,999.980000,24.600000
18210,1000.220000,20.590000,999.980000,24.600000
18240,1000.230000,20.600000,999.990000,24.640000
18270,1000.230000,20.590000,999.990000,24.620000
18300,1000.230000,20.580000,1000.000000,24.600000
18330,1000.240000,20.600000,1000.010000,24.630000
18360,1000.250000,20.610000,1000.010000,24.630000
18390,1000.250000,20.590000,1000.020000,24.630000
18420,1000.260000,20.580000,1000.020000,24.630000
18450,1000.260000,20.570000,1000.030000,24.610000
18480,1000.280000,20.590000,1000.050000,24.620000
18510,1000.280000,20.580000,1000.040000,24.610000
18540,1000.280000,20.580000,1000.050000,24.620000
18570,1000.290000,20.610000,1000.040000,24.600000
18600,1000.290000,20.610000,1000.050000,24.590000
18630,1000.290000,20.630000,1000.050000,24.590000
18660,1000.290000,20.630000,1000.060000,24.600000
18690,1000.300000,20.620000,1000.070000,24.570000
18720,1000.310000,20.600000,1000.070000,24.550000
18750,1000.300000,20.600000,1000.060000,24.540000
18780,1000.290000,20.610000,1000.050000,24.530000
18810,1000.290000,20.610000,1000.050000,24.510000
18840,1000.300000,20.620000,1000.060000,24.510000
18870,1000.290000,20.620000,1000.060000,24.480000
18900,1000.300000,20.590000,1000.060000,24.460000
18930,1000.310000,20.580000,1000.070000,24.430000
18960,1000.310000,20.560000,1000.080000,24.420000
18990,1000.320000,20.550000,1000.090000,24.400000
19020,1000.330000,20.570000,1000.090000,24.380000
19050,1000.340000,20.570000,1000.100000,24.380000
19080,1000.350000,20.580000,1000.120000,24.380000
19110,1000.360000,20.580000,1000.130000,24.370000
19140,1000.380000,20.590000,1000.150000,24.360000
19170,1000.390000,20.600000,1000.160000,24.330000
19200,1000.430000,20.590000,1000.180000,24.330000
19230,1000.430000,20.610000,1000.200000,24.330000
19260,1000.440000,20.600000,1000.200000,24.320000
19290,1000.450000,20.600000,1000.210000,24.300000
19320,1000.460000,20.610000,1000.220000,24.290000
19350,1000.460000,20.610000,1000.210000,24.260000
19380,1000.460000,20.600000,1000.220000,24.240000
19410,1000.450000,20.590000,1000.210000,24.240000
19440,1000.460000,20.590000,1000.230000,24.210000
19470,1000.450000,20.590000,1000.210000,24.200000
19500,1000.460000,20.580000,1000.220000,24.190000
19530,1000.440000,20.580000,1000.200000,24.170000
19560,1000.470000,20.580000,1000.230000,24.170000
19590,1000.470000,20.580000,1000.230000,24.140000
19620,1000.460000,20.580000,1000.230000,24.150000
19650,1000.490000,20.580000,1000.250000,24.120000
19680,1000.500000,20.580000,1000.250000,24.110000
19710,1000.500000,20.590000,1000.270000,24.110000
19740,1000.520000,20.620000,1000.280000,24.090000
19770,1000.530000,20.620000,1000.290000,24.100000
19800,1000.540000,20.620000,1000.300000,24.080000
19830,1000.550000,20.620000,1000.310000,24.080000
19860,1000.560000,20.630000,1000.330000,24.100000
19890,1000.560000,20.620000,1000.320000,24.070000
19920,1000.560000,20.620000,1000.330000,24.070000
19950,1000.570000,20.600000,1000.330000,24.030000
19980,1000.580000,20.600000,1000.330000,24.030000
20010,1000.570000,20.600000,1000.340000,24.030000
20040,1000.580000,20.590000,1000.340000,24.010000
20070,1000.580000,20.590000,1000.340000,24.000000
20100,1000.580000,20.580000,1000.340000,23.990000
20130,1000.590000,20.590000,1000.340000,23.980000
20160,1000.590000,20.610000,1000.350000,23.980000
20190,1000.600000,20.600000,1000.360000,23.960000
20220,1000.610000,20.600000,1000.370000,23.940000
20250,1000.610000,20.610000,1000.370000,23.920000
20280,1000.620000,20.610000,1000.380000,23.930000
20310,1000.630000,20.610000,1000.380000,23.910000
20340,1000.630000,20.620000,1000.400000,23.900000
20370,1000.640000,20.610000,1000.400000,23.910000
20400,1000.640000,20.610000,1000.400000,23.880000
20430,1000.650000,20.630000,1000.410000,23.900000
20460,1000.660000,20.640000,1000.420000,23.890000
20490,1000.660000,20.640000,1000.420000,23.880000
20520,1000.670000,20.620000,1000.420000,23.860000
20550,1000.670000,20.610000,1000.430000,23.880000
20580,1000.670000,20.620000,1000.430000,23.870000
20610,1000.680000,20.640000,1000.440000,23.870000
20640,1000.690000,20.640000,1000.440000,23.870000
20670,1000.690000,20.620000,1000.450000,23.890000
20700,1000.690000,20.640000,1000.450000,23.870000
20730,1000.700000,20.630000,1000.460000,23.880000
20760,1000.700000,20.640000,1000.460000,23.860000
20790,1000.700000,20.640000,1000.460000,23.860000
20820,1000.710000,20.650000,1000.470000,23.860000
20850,1000.710000,20.650000,1000.470000,23.860000
20880,1000.720000,20.640000,1000.480000,23.860000
20910,1000.740000,20.640000,1000.500000,23.880000
20940,1000.750000,20.650000,1000.510000,23.860000
20970,1000.750000,20.640000,1000.520000,23.860000
21000,1000.780000,20.670000,1000.540000,23.860000
21030,1000.790000,20.650000,1000.550000,23.860000
21060,1000.790000,20.650000,1000.560000,23.840000
21090,1000.800000,20.650000,1000.560000,23.830000
21120,1000.810000,20.650000,1000.570000,23.840000
21150,1000.810000,20.650000,1000.580000,23.840000
21180,1000.820000,20.630000,1000.590000,23.840000
21210,1000.820000,20.630000,1000.580000,23.830000
21240,1000.830000,20.620000,1000.590000,23.820000
21270,1000.840000,20.630000,1000.600000,23.850000
21300,1000.830000,20.620000,1000.600000,23.840000
21330,1000.840000,20.620000,1000.610000,23.840000
21360,1000.840000,20.640000,1000.600000,23.800000
21390,1000.840000,20.630000,1000.600000,23.820000
21420,1000.850000,20.640000,1000.610000,23.810000
21450,1000.850000,20.640000,1000.610000,23.830000
21480,1000.860000,20.620000,1000.620000,23.820000
21510,1000.860000,20.630000,1000.630000,23.850000
21540,1000.880000,20.630000,1000.640000,23.830000
21570,1000.890000,20.630000,1000.650000,23.830000
21600,1000.900000,20.630000,1000.660000,23.830000
21630,1000.910000,20.630000,1000.680000,23.830000
21660,1000.920000,20.640000,1000.690000,23.860000
21690,1000.940000,20.650000,1000.700000,23.840000
21720,1000.940000,20.660000,1000.700000,23.840000
21750,1000.940000,20.650000,1000.710000,23.820000
21780,1000.960000,20.660000,1000.730000,23.820000
21810,1000.970000,20.660000,1000.730000,23.830000
21840,1000.980000,20.660000,1000.740000,23.820000
21870,1000.980000,20.650000,1000.730000,23.820000
21900,1000.980000,20.650000,1000.740000,23.830000
21930,1000.970000,20.650000,1000.730000,23.810000
21960,1000.970000,20.650000,1000.730000,23.800000
21990,1000.970000,20.660000,1000.720000,23.820000
22020,1000.960000,20.660000,1000.720000,23.800000
22050,1000.960000,20.660000,1000.720000,23.800000
22080,1000.960000,20.660000,1000.720000,23.780000
22110,1000.970000,20.640000,1000.720000,23.780000
22140,1000.970000,20.620000,1000.720000,23.780000
22170,1000.970000,20.640000,1000.730000,23.800000
22200,1000.960000,20.650000,1000.710000,23.800000
22230,1000.960000,20.640000,1000.720000,23.790000
22260,1000.960000,20.670000,1000.700000,23.810000
22290,1000.940000,20.670000,1000.700000,23.820000
22320,1000.940000,20.680000,1000.690000,23.810000
22350,1000.940000,20.700000,1000.690000,23.790000
22380,1000.930000,20.710000,1000.690000,23.810000
22410,1000.940000,20.690000,1000.690000,23.810000
22440,1000.910000,20.680000,1000.670000,23.810000
22470,1000.910000,20.690000,1000.670000,23.820000
22500,1000.910000,20.670000,1000.680000,23.800000
22530,1000.910000,20.650000,1000.660000,23.780000
22560,1000.900000,20.640000,1000.670000,23.790000
22590,1000.910000,20.630000,1000.680000,23.790000
22620,1000.910000,20.630000,1000.680000,23.810000
22650,1000.930000,20.650000,1000.730000,23.780000
22680,1000.930000,20.660000,1000.690000,23.790000
22710,1000.940000,20.650000,1000.700000,23.780000
22740,1000.940000,20.670000,1000.700000,23.790000
22770,1000.940000,20.660000,1000.710000,23.810000
22800,1000.950000,20.670000,1000.710000,23.800000
22830,1000.960000,20.680000,1000.720000,23.790000
22860,1000.970000,20.690000,1000.720000,23.800000
22890,1000.960000,20.680000,1000.730000,23.810000
22920,1000.970000,20.690000,1000.730000,23.820000
22950,1000.970000,20.690000,1000.730000,23.810000
22980,1000.970000,20.700000,1000.730000,23.790000
23010,1000.970000,20.690000,1000.720000,23.800000
23040,1000.970000,20.680000,1000.720000,23.790000
23070,1000.970000,20.680000,1000.730000,23.780000
23100,1000.960000,20.680000,1000.720000,23.790000
23130,1000.970000,20.700000,1000.720000,23.800000
23160,1000.960000,20.720000,1000.720000,23.790000
23190,1000.960000,20.720000,1000.710000,23.790000
23220,1000.960000,20.710000,1000.710000,23.780000
23250,1000.960000,20.690000,1000.710000,23.780000
23280,1000.960000,20.700000,1000.710000,23.780000
23310,1000.950000,20.700000,1000.700000,23.780000
23340,1000.940000,20.700000,1000.700000,23.790000
23370,1000.950000,20.710000,1000.710000,23.780000
23400,1000.950000,20.710000,1000.710000,23.790000
23430,1000.950000,20.700000,1000.720000,23.780000
23460,1000.960000,20.680000,1000.720000,23.790000
23490,1000.960000,20.690000,1000.720000,23.780000
23520,1000.970000,20.700000,1000.730000,23.780000
23550,1000.980000,20.700000,1000.740000,23.790000
23580,1000.980000,20.700000,1000.750000,23.790000
23610,1000.980000,20.690000,1000.750000,23.790000
23640,1000.990000,20.700000,1000.760000,23.800000
23670,1001.000000,20.700000,1000.760000,23.800000
23700,1001.000000,20.710000,1000.760000,23.800000
23730,1001.010000,20.710000,1000.760000,23.770000
23760,1001.010000,20.710000,1000.780000,23.790000
23790,1001.020000,20.700000,1000.790000,23.790000
23820,1001.030000,20.710000,1000.790000,23.790000
23850,1001.050000,20.710000,1000.810000,23.810000
23880,1001.060000,20.720000,1000.820000,23.800000
23910,1001.070000,20.730000,1000.830000,23.800000
23940,1001.080000,20.710000,1000.850000,23.810000
23970,1001.100000,20.700000,1000.860000,23.810000
24000,1001.110000,20.710000,1000.870000,23.780000
24030,1001.120000,20.700000,1000.890000,23.780000
24060,1001.130000,20.710000,1000.900000,23.770000
24090,1001.150000,20.730000,1000.920000,23.810000
24120,1001.160000,20.730000,1000.920000,23.790000
24150,1001.170000,20.720000,1000.930000,23.790000
24180,1001.180000,20.720000,1000.950000,23.810000
24210,1001.200000,20.740000,1000.970000,23.810000
24240,1001.200000,20.750000,1000.960000,23.800000
24270,1001.210000,20.750000,1000.970000,23.810000
24300,1001.210000,20.760000,1000.970000,23.800000
24330,1001.210000,20.770000,1000.970000,23.820000
24360,1001.210000,20.770000,1000.980000,23.810000
24390,1001.220000,20.760000,1000.990000,23.810000
24420,1001.240000,20.750000,1000.990000,23.820000
24450,1001.240000,20.740000,1001.010000,23.810000
24480,1001.250000,20.750000,1001.010000,23.820000
24510,1001.250000,20.740000,1001.020000,23.810000
24540,1001.260000,20.760000,1001.020000,23.800000
24570,1001.270000,20.750000,1001.040000,23.820000
24600,1001.280000,20.750000,1001.040000,23.810000
24630,1001.290000,20.750000,1001.060000,23.820000
24660,1001.300000,20.760000,1001.060000,23.810000
24690,1001.310000,20.770000,1001.070000,23.810000
24720,1001.320000,20.800000,1001.080000,23.760000
24750,1001.330000,20.820000,1001.090000,23.790000
24780,1001.340000,20.830000,1001.090000,23.790000
24810,1001.350000,20.850000,1001.100000,23.810000
24840,1001.350000,20.840000,1001.120000,23.830000
24870,1001.360000,20.830000,1001.120000,23.820000
24900,1001.360000,20.850000,1001.120000,23.840000
24930,1001.360000,20.860000,1001.120000,23.870000
24960,1001.350000,20.860000,1001.110000,23.860000
24990,1001.360000,20.870000,1001.120000,23.890000
25020,1001.360000,20.860000,1001.120000,23.890000
25050,1001.360000,20.880000,1001.120000,23.880000
25080,1001.370000,20.880000,1001.130000,23.910000
25110,1001.370000,20.880000,1001.140000,23.900000
25140,1001.380000,20.920000,1001.150000,23.910000
25170,1001.390000,20.940000,1001.150000,23.910000
25200,1001.400000,20.960000,1001.160000,23.910000
25230,1001.430000,20.940000,1001.160000,23.910000
25260,1001.410000,20.930000,1001.170000,23.930000
25290,1001.410000,20.940000,1001.170000,23.930000
25320,1001.410000,20.930000,1001.180000,23.950000
25350,1001.420000,20.950000,1001.180000,23.950000
25380,1001.420000,20.940000,1001.180000,23.950000
25410,1001.430000,20.960000,1001.190000,23.950000
25440,1001.430000,20.960000,1001.190000,23.940000
25470,1001.430000,20.990000,1001.190000,23.970000
25500,1001.440000,21.000000,1001.200000,23.970000
25530,1001.440000,21.000000,1001.200000,23.990000
25560,1001.440000,21.020000,1001.200000,23.970000
25590,1001.450000,21.040000,1001.220000,24.000000
25620,1001.450000,21.050000,1001.220000,24.010000
25650,1001.460000,21.060000,1001.230000,24.030000
25680,1001.470000,21.080000,1001.240000,24.050000
25710,1001.480000,21.090000,1001.250000,24.050000
25740,1001.500000,21.120000,1001.250000,24.080000
25770,1001.500000,21.120000,1001.260000,24.080000
25800,1001.500000,21.140000,1001.260000,24.090000
25830,1001.500000,21.130000,1001.260000,24.110000
25860,1001.500000,21.130000,1001.260000,24.110000
25890,1001.500000,21.100000,1001.260000,24.100000
25920,1001.500000,21.040000,1001.260000,24.100000
25950,1001.510000,20.990000,1001.270000,24.090000
25980,1001.510000,20.960000,1001.270000,24.090000
26010,1001.500000,20.960000,1001.270000,24.090000
26040,1001.510000,20.960000,1001.270000,24.080000
26070,1001.520000,20.900000,1001.290000,24.090000
26100,1001.520000,20.840000,1001.300000,24.080000
26130,1001.540000,20.770000,1001.290000,24.060000
26160,1001.530000,20.710000,1001.290000,24.030000
26190,1001.540000,20.650000,1001.310000,24.010000
26220,1001.550000,20.600000,1001.320000,24.000000
26250,1001.560000,20.540000,1001.320000,23.980000
26280,1001.550000,20.510000,1001.320000,23.950000
26310,1001.570000,20.430000,1001.320000,23.910000
26340,1001.570000,20.360000,1001.320000,23.880000
26370,1001.570000,20.330000,1001.330000,23.850000
26400,1001.580000,20.300000,1001.340000,23.850000
26430,1001.590000,20.240000,1001.350000,23.800000
26460,1001.590000,20.200000,1001.350000,23.780000
26490,1001.600000,20.170000,1001.360000,23.720000
26520,1001.600000,20.160000,1001.370000,23.690000
26550,1001.610000,20.120000,1001.370000,23.670000
26580,1001.630000,20.090000,1001.390000,23.640000
26610,1001.630000,20.100000,1001.400000,23.640000
26640,1001.640000,20.110000,1001.410000,23.640000
26670,1001.650000,20.090000,1001.420000,23.610000
26700,1001.670000,20.060000,1001.430000,23.590000
26730,1001.680000,20.050000,1001.440000,23.580000
26760,1001.690000,20.040000,1001.450000,23.570000
26790,1001.700000,20.070000,1001.460000,23.550000
26820,1001.700000,20.060000,1001.460000,23.550000
26850,1001.710000,20.050000,1001.470000,23.540000
26880,1001.710000,20.050000,1001.470000,23.550000
26910,1001.700000,20.070000,1001.460000,23.550000
26940,1001.710000,20.100000,1001.470000,23.510000
26970,1001.700000,20.070000,1001.470000,23.500000
27000,1001.710000,20.060000,1001.480000,23.530000
27030,1001.720000,20.080000,1001.490000,23.540000
27060,1001.730000,20.070000,1001.480000,23.520000
27090,1001.730000,20.080000,1001.480000,23.530000
27120,1001.720000,20.090000,1001.470000,23.500000
27150,1001.720000,20.050000,1001.480000,23.490000
27180,1001.730000,20.040000,1001.490000,23.470000
27210,1001.730000,20.020000,1001.490000,23.480000
27240,1001.730000,20.000000,1001.480000,23.470000
27270,1001.730000,20.010000,1001.490000,23.450000
27300,1001.730000,20.010000,1001.500000,23.430000
27330,1001.750000,20.000000,1001.510000,23.430000
27360,1001.750000,19.990000,1001.520000,23.460000
27390,1001.760000,20.000000,1001.520000,23.440000
27420,1001.770000,20.010000,1001.530000,23.410000
27450,1001.770000,19.990000,1001.530000,23.390000
27480,1001.780000,19.990000,1001.540000,23.380000
27510,1001.780000,19.970000,1001.530000,23.390000
27540,1001.780000,19.980000,1001.540000,23.400000
27570,1001.790000,19.990000,1001.550000,23.400000
27600,1001.780000,19.950000,1001.540000,23.370000
27630,1001.780000,19.930000,1001.530000,23.350000
27660,1001.770000,19.920000,1001.530000,23.330000
27690,1001.780000,19.890000,1001.540000,23.320000
27720,1001.790000,19.880000,1001.540000,23.290000
27750,1001.790000,19.860000,1001.550000,23.300000
27780,1001.800000,19.850000,1001.550000,23.300000
27810,1001.800000,19.880000,1001.550000,23.300000
27840,1001.790000,19.880000,1001.550000,23.290000
27870,1001.790000,19.870000,1001.540000,23.300000
27900,1001.780000,19.860000,1001.550000,23.260000
27930,1001.790000,19.830000,1001.550000,23.280000
27960,1001.800000,19.840000,1001.550000,23.280000
27990,1001.810000,19.820000,1001.560000,23.250000
28020,1001.800000,19.830000,1001.570000,23.260000
28050,1001.810000,19.840000,1001.570000,23.260000
28080,1001.820000,19.860000,1001.580000,23.270000
28110,1001.820000,19.900000,1001.570000,23.270000
28140,1001.810000,19.900000,1001.580000,23.270000
28170,1001.830000,19.910000,1001.590000,23.240000
28200,1001.830000,19.900000,1001.600000,23.260000
28230,1001.850000,19.900000,1001.600000,23.250000
28260,1001.840000,19.920000,1001.590000,23.250000
28290,1001.830000,19.920000,1001.590000,23.270000
28320,1001.820000,19.930000,1001.570000,23.260000
28350,1001.820000,19.960000,1001.590000,23.270000
28380,1001.830000,19.960000,1001.590000,23.310000
28410,1001.830000,19.980000,1001.580000,23.300000
28440,1001.840000,19.980000,1001.590000,23.300000
28470,1001.830000,19.990000,1001.590000,23.300000
28500,1001.830000,20.010000,1001.580000,23.280000
28530,1001.830000,20.020000,1001.580000,23.310000
28560,1001.840000,20.020000,1001.610000,23.330000
28590,1001.860000,20.050000,1001.610000,23.330000
28620,1001.840000,20.040000,1001.600000,23.330000
28650,1001.840000,20.040000,1001.590000,23.330000
28680,1001.820000,20.050000,1001.570000,23.350000
28710,1001.820000,20.080000,1001.570000,23.360000
28740,1001.810000,20.060000,1001.580000,23.370000
28770,1001.820000,20.070000,1001.580000,23.350000
28800,1001.830000,20.090000,1001.580000,23.370000
28830,1001.830000,20.060000,1001.580000,23.380000
28860,1001.820000,20.080000,1001.580000,23.370000
28890,1001.820000,20.060000,1001.590000,23.370000
28920,1001.840000,20.080000,1001.590000,23.380000
28950,1001.830000,20.080000,1001.590000,23.370000
28980,1001.840000,20.090000,1001.600000,23.370000
29010,1001.840000,20.110000,1001.600000,23.350000
29040,1001.850000,20.100000,1001.610000,23.340000
29070,1001.860000,20.130000,1001.620000,23.340000
29100,1001.860000,20.150000,1001.620000,23.380000
29130,1001.870000,20.180000,1001.620000,23.390000
29160,1001.860000,20.180000,1001.620000,23.390000
29190,1001.880000,20.210000,1001.630000,23.390000
29220,1001.870000,20.220000,1001.630000,23.400000
29250,1001.870000,20.260000,1001.630000,23.390000
29280,1001.870000,20.260000,1001.640000,23.390000
29310,1001.880000,20.260000,1001.630000,23.410000
29340,1001.870000,20.260000,1001.630000,23.430000
29370,1001.870000,20.300000,1001.620000,23.400000
29400,1001.870000,20.300000,1001.630000,23.410000
29430,1001.880000,20.320000,1001.630000,23.420000
29460,1001.880000,20.320000,1001.630000,23.440000
29490,1001.880000,20.340000,1001.640000,23.440000
29520,1001.880000,20.360000,1001.640000,23.440000
29550,1001.890000,20.390000,1001.640000,23.440000
29580,1001.890000,20.390000,1001.640000,23.470000
29610,1001.890000,20.400000,1001.640000,23.460000
29640,1001.890000,20.410000,1001.640000,23.500000
29670,1001.890000,20.410000,1001.640000,23.500000
29700,1001.890000,20.420000,1001.650000,23.510000
29730,1001.900000,20.460000,1001.660000,23.540000
29760,1001.900000,20.470000,1001.660000,23.540000
29790,1001.910000,20.460000,1001.670000,23.550000
29820,1001.920000,20.450000,1001.680000,23.540000
29850,1001.920000,20.430000,1001.680000,23.550000
29880,1001.930000,20.440000,1001.690000,23.560000
29910,1001.930000,20.450000,1001.690000,23.560000
29940,1001.930000,20.440000,1001.680000,23.560000
29970,1001.930000,20.440000,1001.680000,23.570000
30000,1001.930000,20.430000,1001.680000,23.580000
30030,1001.940000,20.450000,1001.700000,23.580000
30060,1001.940000,20.460000,1001.690000,23.600000
30090,1001.930000,20.470000,1001.690000,23.610000
30120,1001.930000,20.510000,1001.690000,23.630000
30150,1001.940000,20.530000,1001.700000,23.640000
30180,1001.950000,20.560000,1001.700000,23.680000
30210,1001.950000,20.600000,1001.710000,23.700000
30240,1001.960000,20.620000,1001.710000,23.710000
30270,1001.950000,20.650000,1001.710000,23.730000
30300,1001.950000,20.650000,1001.700000,23.720000
30330,1001.950000,20.660000,1001.710000,23.760000
30360,1001.950000,20.680000,1001.710000,23.740000
30390,1001.950000,20.690000,1001.700000,23.760000
30420,1001.950000,20.700000,1001.700000,23.760000
30450,1001.950000,20.690000,1001.700000,23.770000
30480,1001.950000,20.690000,1001.700000,23.770000
30510,1001.950000,20.710000,1001.700000,23.780000
30540,1001.950000,20.740000,1001.700000,23.790000
30570,1001.950000,20.740000,1001.710000,23.790000
30600,1001.960000,20.740000,1001.710000,23.780000
30630,1001.960000,20.730000,1001.710000,23.790000
30660,1001.960000,20.730000,1001.720000,23.810000
30690,1001.970000,20.730000,1001.730000,23.800000
30720,1001.980000,20.750000,1001.740000,23.830000
30750,1001.990000,20.750000,1001.750000,23.830000
30780,1002.000000,20.740000,1001.750000,23.830000
30810,1002.000000,20.750000,1001.760000,23.850000
30840,1002.010000,20.760000,1001.760000,23.860000
30870,1002.010000,20.770000,1001.770000,23.870000
30900,1002.010000,20.770000,1001.780000,23.850000
30930,1002.010000,20.760000,1001.760000,23.880000
30960,1002.010000,20.770000,1001.770000,23.890000
30990,1002.010000,20.750000,1001.770000,23.880000
31020,1002.020000,20.720000,1001.780000,23.860000
31050,1002.020000,20.730000,1001.780000,23.870000
31080,1002.030000,20.720000,1001.790000,23.880000
31110,1002.040000,20.720000,1001.790000,23.890000
31140,1002.040000,20.700000,1001.790000,23.890000
31170,1002.040000,20.690000,1001.790000,23.850000
31200,1002.040000,20.680000,1001.790000,23.870000
31230,1002.040000,20.670000,1001.800000,23.840000
31260,1002.040000,20.650000,1001.790000,23.860000
31290,1002.030000,20.670000,1001.790000,23.830000
31320,1002.030000,20.650000,1001.790000,23.840000
31350,1002.040000,20.660000,1001.790000,23.850000
31380,1002.040000,20.670000,1001.800000,23.850000
31410,1002.050000,20.670000,1001.800000,23.860000
31440,1002.040000,20.700000,1001.800000,23.880000
31470,1002.050000,20.710000,1001.810000,23.870000
31500,1002.050000,20.710000,1001.810000,23.860000
31530,1002.050000,20.720000,1001.800000,23.870000
31560,1002.050000,20.700000,1001.810000,23.890000
31590,1002.050000,20.700000,1001.800000,23.890000
31620,1002.040000,20.680000,1001.800000,23.880000
31650,1002.040000,20.670000,1001.800000,23.900000
31680,1002.050000,20.670000,1001.810000,23.860000
31710,1002.060000,20.650000,1001.810000,23.850000
31740,1002.050000,20.630000,1001.820000,23.870000
31770,1002.060000,20.650000,1001.820000,23.890000
31800,1002.060000,20.650000,1001.820000,23.880000
31830,1002.070000,20.670000,1001.820000,23.870000
31860,1002.070000,20.680000,1001.830000,23.900000
31890,1002.080000,20.690000,1001.820000,23.890000
31920,1002.070000,20.670000,1001.830000,23.870000
31950,1002.080000,20.670000,1001.830000,23.870000
31980,1002.080000,20.670000,1001.820000,23.850000
32010,1002.070000,20.660000,1001.820000,23.870000
32040,1002.060000,20.660000,1001.820000,23.840000
32070,1002.050000,20.660000,1001.820000,23.840000
32100,1002.080000,20.660000,1001.840000,23.840000
32130,1002.080000,20.650000,1001.830000,23.830000
32160,1002.080000,20.670000,1001.840000,23.830000
32190,1002.100000,20.700000,1001.850000,23.850000
32220,1002.100000,20.720000,1001.850000,23.850000
32250,1002.100000,20.730000,1001.840000,23.870000
32280,1002.080000,20.740000,1001.840000,23.880000
32310,1002.090000,20.770000,1001.850000,23.920000
32340,1002.090000,20.780000,1001.840000,23.900000
32370,1002.090000,20.790000,1001.830000,23.920000
32400,1002.080000,20.790000,1001.830000,23.930000
32430,1002.080000,20.780000,1001.840000,23.940000
32460,1002.090000,20.790000,1001.850000,23.950000
32490,1002.100000,20.820000,1001.850000,23.950000
32520,1002.100000,20.830000,1001.860000,23.940000
32550,1002.110000,20.840000,1001.870000,23.960000
32580,1002.130000,20.820000,1001.870000,23.950000
32610,1002.130000,20.830000,1001.890000,23.970000
32640,1002.130000,20.840000,1001.880000,23.990000
32670,1002.130000,20.860000,1001.890000,23.990000
32700,1002.150000,20.860000,1001.900000,23.980000
32730,1002.150000,20.860000,1001.900000,23.980000
32760,1002.150000,20.860000,1001.910000,23.970000
32790,1002.160000,20.870000,1001.910000,24.000000
32820,1002.160000,20.890000,1001.910000,24.000000
32850,1002.160000,20.880000,1001.910000,24.000000
32880,1002.160000,20.880000,1001.900000,24.020000
32910,1002.160000,20.890000,1001.910000,24.010000
32940,1002.160000,20.870000,1001.910000,24.010000
32970,1002.160000,20.870000,1001.920000,24.000000
33000,1002.160000,20.880000,1001.930000,24.000000
33030,1002.170000,20.880000,1001.920000,24.000000
33060,1002.170000,20.900000,1001.920000,24.000000
33090,1002.170000,20.890000,1001.920000,24.020000
33120,1002.160000,20.890000,1001.910000,24.020000
33150,1002.170000,20.890000,1001.920000,24.040000
33180,1002.170000,20.890000,1001.910000,24.040000
33210,1002.160000,20.880000,1001.910000,24.060000
33240,1002.170000,20.880000,1001.930000,24.060000
33270,1002.190000,20.870000,1001.950000,24.060000
33300,1002.200000,20.850000,1001.950000,24.060000
33330,1002.200000,20.820000,1001.960000,24.040000
33360,1002.220000,20.810000,1001.970000,24.030000
33390,1002.220000,20.810000,1001.980000,24.020000
33420,1002.230000,20.800000,1001.970000,24.010000
33450,1002.210000,20.780000,1001.950000,24.010000
33480,1002.200000,20.780000,1001.960000,24.030000
33510,1002.230000,20.790000,1001.970000,24.030000
33540,1002.210000,20.810000,1001.970000,24.030000
33570,1002.220000,20.820000,1001.970000,24.030000
33600,1002.220000,20.860000,1001.960000,24.030000
33630,1002.210000,20.850000,1001.960000,24.030000
33660,1002.200000,20.830000,1001.960000,24.040000
33690,1002.210000,20.850000,1001.970000,24.040000
33720,1002.220000,20.870000,1001.980000,24.040000
33750,1002.220000,20.860000,1001.970000,24.020000
33780,1002.220000,20.870000,1001.990000,24.030000
33810,1002.230000,20.850000,1002.000000,24.030000
33840,1002.240000,20.860000,1002.010000,24.030000
33870,1002.250000,20.850000,1002.010000,24.010000
33900,1002.260000,20.860000,1002.010000,24.020000
33930,1002.260000,20.860000,1002.010000,24.010000
33960,1002.260000,20.870000,1002.010000,24.030000
33990,1002.250000,20.890000,1001.990000,24.070000
34020,1002.240000,20.890000,1001.980000,24.030000
34050,1002.230000,20.880000,1001.990000,24.040000
34080,1002.240000,20.870000,1002.000000,24.040000
34110,1002.250000,20.850000,1002.000000,24.010000
34140,1002.250000,20.850000,1002.000000,24.030000
34170,1002.250000,20.850000,1002.000000,24.010000
34200,1002.250000,20.850000,1002.010000,24.010000
34230,1002.260000,20.840000,1002.010000,24.040000
34260,1002.250000,20.840000,1002.010000,24.050000
34290,1002.250000,20.840000,1001.990000,24.040000
34320,1002.250000,20.840000,1002.010000,24.070000
34350,1002.250000,20.820000,1002.010000,24.080000
34380,1002.250000,20.800000,1002.000000,24.040000
34410,1002.250000,20.820000,1002.010000,24.050000
34440,1002.250000,20.820000,1002.000000,24.040000
34470,1002.240000,20.820000,1002.010000,24.010000
34500,1002.260000,20.830000,1002.000000,24.020000
34530,1002.250000,20.840000,1002.010000,24.010000
34560,1002.260000,20.810000,1002.010000,24.000000
34590,1002.250000,20.840000,1002.010000,24.010000
34620,1002.270000,20.840000,1002.020000,24.010000
34650,1002.270000,20.820000,1002.040000,24.030000
34680,1002.280000,20.810000,1002.040000,24.010000
34710,1002.290000,20.810000,1002.040000,24.020000
34740,1002.290000,20.820000,1002.060000,24.020000
34770,1002.300000,20.790000,1002.050000,24.020000
34800,1002.280000,20.760000,1002.040000,24.020000
34830,1002.270000,20.700000,1002.020000,23.990000
34860,1002.270000,20.660000,1002.040000,24.010000
34890,1002.280000,20.590000,1002.030000,23.960000
34920,1002.290000,20.540000,1002.040000,23.930000
34950,1002.290000,20.490000,1002.050000,23.920000
34980,1002.290000,20.470000,1002.040000,23.920000
35010,1002.290000,20.460000,1002.040000,23.900000
35040,1002.280000,20.430000,1002.040000,23.870000
35070,1002.300000,20.440000,1002.050000,23.890000
35100,1002.300000,20.460000,1002.050000,23.880000
35130,1002.300000,20.450000,1002.080000,23.860000
35160,1002.320000,20.450000,1002.080000,23.850000
35190,1002.330000,20.450000,1002.080000,23.840000
35220,1002.320000,20.450000,1002.060000,23.830000
35250,1002.310000,20.460000,1002.080000,23.840000
35280,1002.320000,20.450000,1002.090000,23.810000
35310,1002.340000,20.410000,1002.090000,23.780000
35340,1002.340000,20.420000,1002.090000,23.750000
35370,1002.350000,20.420000,1002.110000,23.760000
35400,1002.350000,20.410000,1002.100000,23.760000
35430,1002.350000,20.440000,1002.110000,23.770000
35460,1002.370000,20.430000,1002.110000,23.780000
35490,1002.360000,20.460000,1002.130000,23.760000
35520,1002.380000,20.460000,1002.150000,23.770000
35550,1002.400000,20.470000,1002.160000,23.760000
35580,1002.410000,20.480000,1002.170000,23.790000
35610,1002.420000,20.490000,1002.150000,23.770000
35640,1002.400000,20.510000,1002.170000,23.780000
35670,1002.420000,20.500000,1002.180000,23.760000
35700,1002.440000,20.480000,1002.180000,23.780000
35730,1002.420000,20.490000,1002.190000,23.780000
35760,1002.430000,20.520000,1002.190000,23.780000
35790,1002.440000,20.510000,1002.170000,23.760000
35820,1002.420000,20.510000,1002.160000,23.770000
35850,1002.410000,20.530000,1002.150000,23.780000
35880,1002.390000,20.520000,1002.150000,23.770000
35910,1002.400000,20.520000,1002.170000,23.760000
35940,1002.440000,20.520000,1002.170000,23.770000
35970,1002.430000,20.490000,1002.170000,23.790000
36000,1002.420000,20.500000,1002.180000,23.770000
36030,1002.420000,20.510000,1002.170000,23.780000
36060,1002.420000,20.490000,1002.180000,23.800000
36090,1002.430000,20.500000,1002.190000,23.760000
36120,1002.430000,20.480000,1002.180000,23.760000
36150,1002.430000,20.470000,1002.170000,23.760000
36180,1002.420000,20.500000,1002.190000,23.790000
36210,1002.440000,20.480000,1002.200000,23.790000
36240,1002.450000,20.490000,1002.220000,23.770000
36270,1002.470000,20.460000,1002.230000,23.790000
36300,1002.490000,20.460000,1002.250000,23.780000
36330,1002.500000,20.460000,1002.250000,23.780000
36360,1002.500000,20.480000,1002.250000,23.790000
36390,1002.500000,20.480000,1002.250000,23.770000
36420,1002.510000,20.490000,1002.260000,23.790000
36450,1002.520000,20.490000,1002.260000,23.800000
36480,1002.510000,20.490000,1002.260000,23.810000
36510,1002.520000,20.490000,1002.270000,23.800000
36540,1002.510000,20.480000,1002.250000,23.780000
36570,1002.510000,20.460000,1002.270000,23.780000
36600,1002.530000,20.450000,1002.290000,23.800000
36630,1002.540000,20.470000,1002.280000,23.800000
36660,1002.540000,20.500000,1002.290000,23.810000
36690,1002.540000,20.490000,1002.280000,23.810000
36720,1002.520000,20.460000,1002.280000,23.760000
36750,1002.530000,20.440000,1002.280000,23.760000
36780,1002.540000,20.410000,1002.300000,23.750000
36810,1002.550000,20.400000,1002.300000,23.780000
36840,1002.550000,20.400000,1002.320000,23.780000
36870,1002.570000,20.400000,1002.310000,23.780000
36900,1002.560000,20.390000,1002.310000,23.770000
36930,1002.570000,20.370000,1002.320000,23.770000
36960,1002.570000,20.380000,1002.310000,23.760000
36990,1002.570000,20.340000,1002.300000,23.770000
37020,1002.570000,20.350000,1002.320000,23.780000
37050,1002.570000,20.330000,1002.330000,23.780000
37080,1002.590000,20.310000,1002.340000,23.740000
37110,1002.590000,20.300000,1002.330000,23.760000
37140,1002.590000,20.330000,1002.330000,23.750000
37170,1002.580000,20.340000,1002.320000,23.750000
37200,1002.580000,20.350000,1002.330000,23.730000
37230,1002.580000,20.330000,1002.330000,23.720000
37260,1002.580000,20.360000,1002.320000,23.740000
37290,1002.580000,20.370000,1002.330000,23.730000
37320,1002.580000,20.370000,1002.330000,23.730000
37350,1002.580000,20.420000,1002.330000,23.720000
37380,1002.570000,20.440000,1002.320000,23.740000
37410,1002.570000,20.460000,1002.320000,23.740000
37440,1002.580000,20.530000,1002.340000,23.680000
37470,1002.600000,20.600000,1002.340000,23.640000
37500,1002.600000,20.670000,1002.340000,23.600000
37530,1002.600000,20.720000,1002.340000,23.550000
37560,1002.590000,20.750000,1002.330000,23.500000
37590,1002.580000,20.790000,1002.330000,23.440000
37620,1002.590000,20.820000,1002.340000,23.440000
37650,1002.600000,20.860000,1002.370000,23.360000
37680,1002.610000,20.930000,1002.340000,23.350000
37710,1002.590000,20.960000,1002.340000,23.310000
37740,1002.590000,20.990000,1002.340000,23.290000
37770,1002.610000,21.040000,1002.340000,23.280000
37800,1002.610000,21.090000,1002.340000,23.250000
37830,1002.590000,21.180000,1002.340000,23.210000
37860,1002.600000,21.280000,1002.330000,23.220000
37890,1002.590000,21.340000,1002.320000,23.250000
37920,1002.580000,21.420000,1002.300000,23.250000
37950,1002.550000,21.480000,1002.290000,23.290000
37980,1002.540000,21.530000,1002.290000,23.300000
38010,1002.540000,21.600000,1002.280000,23.310000
38040,1002.530000,21.670000,1002.250000,23.320000
38070,1002.500000,21.720000,1002.240000,23.330000
38100,1002.490000,21.760000,1002.240000,23.350000
38130,1002.500000,21.850000,1002.230000,23.390000
38160,1002.480000,21.900000,1002.210000,23.400000
38190,1002.470000,21.940000,1002.220000,23.450000
38220,1002.480000,21.990000,1002.230000,23.480000
38250,1002.470000,22.020000,1002.210000,23.510000
38280,1002.460000,22.050000,1002.210000,23.560000
38310,1002.460000,22.070000,1002.200000,23.590000
38340,1002.470000,22.120000,1002.210000,23.610000
38370,1002.470000,22.150000,1002.220000,23.660000
38400,1002.480000,22.200000,1002.240000,23.690000
38430,1002.490000,22.230000,1002.230000,23.730000
38460,1002.490000,22.270000,1002.240000,23.790000
38490,1002.490000,22.300000,1002.230000,23.780000
38520,1002.490000,22.350000,1002.220000,23.800000
38550,1002.490000,22.390000,1002.230000,23.840000
38580,1002.490000,22.430000,1002.230000,23.900000
38610,1002.490000,22.450000,1002.230000,23.910000
38640,1002.490000,22.510000,1002.230000,23.960000
38670,1002.500000,22.540000,1002.250000,23.990000
38700,1002.500000,22.570000,1002.240000,23.990000
38730,1002.490000,22.620000,1002.230000,24.040000
38760,1002.490000,22.640000,1002.230000,24.070000
38790,1002.500000,22.670000,1002.240000,24.110000
38820,1002.490000,22.720000,1002.230000,24.140000
38850,1002.480000,22.750000,1002.220000,24.170000
38880,1002.480000,22.780000,1002.220000,24.210000
38910,1002.470000,22.800000,1002.220000,24.230000
38940,1002.480000,22.830000,1002.230000,24.260000
38970,1002.480000,22.870000,1002.230000,24.320000
39000,1002.490000,22.910000,1002.240000,24.340000
39030,1002.490000,22.940000,1002.250000,24.370000
39060,1002.500000,23.000000,1002.260000,24.380000
39090,1002.520000,23.050000,1002.270000,24.430000
39120,1002.530000,23.060000,1002.280000,24.450000
39150,1002.540000,23.100000,1002.280000,24.490000
39180,1002.530000,23.130000,1002.290000,24.480000
39210,1002.550000,23.180000,1002.290000,24.530000
39240,1002.550000,23.210000,1002.300000,24.560000
39270,1002.560000,23.250000,1002.310000,24.580000
39300,1002.570000,23.280000,1002.330000,24.610000
39330,1002.590000,23.310000,1002.330000,24.630000
39360,1002.590000,23.340000,1002.350000,24.660000
39390,1002.600000,23.380000,1002.350000,24.690000
39420,1002.600000,23.400000,1002.350000,24.750000
39450,1002.600000,23.420000,1002.340000,24.760000
39480,1002.580000,23.450000,1002.330000,24.780000
39510,1002.600000,23.470000,1002.360000,24.800000
39540,1002.610000,23.530000,1002.370000,24.820000
39570,1002.630000,23.540000,1002.380000,24.840000
39600,1002.620000,23.550000,1002.390000,24.870000
39630,1002.650000,23.580000,1002.380000,24.880000
39660,1002.640000,23.610000,1002.380000,24.910000
39690,1002.630000,23.630000,1002.360000,24.930000
39720,1002.600000,23.650000,1002.340000,24.950000
39750,1002.590000,23.680000,1002.360000,24.980000
39780,1002.610000,23.700000,1002.360000,25.000000
39810,1002.610000,23.710000,1002.350000,25.020000
39840,1002.610000,23.760000,1002.350000,25.050000
39870,1002.610000,23.790000,1002.330000,25.080000
39900,1002.590000,23.820000,1002.330000,25.100000
39930,1002.600000,23.830000,1002.350000,25.140000
39960,1002.600000,23.850000,1002.350000,25.160000
39990,1002.600000,23.870000,1002.330000,25.190000
40020,1002.580000,23.840000,1002.330000,25.210000
40050,1002.590000,23.850000,1002.330000,25.230000
40080,1002.590000,23.860000,1002.330000,25.240000
40110,1002.590000,23.870000,1002.340000,25.250000
40140,1002.590000,23.860000,1002.340000,25.290000
40170,1002.600000,23.880000,1002.340000,25.310000
40200,1002.600000,23.900000,1002.330000,25.330000
40230,1002.600000,23.900000,1002.330000,25.340000
40260,1002.580000,23.890000,1002.320000,25.370000
40290,1002.580000,23.910000,1002.320000,25.400000
40320,1002.580000,23.900000,1002.320000,25.410000
40350,1002.570000,23.910000,1002.320000,25.420000
40380,1002.570000,23.910000,1002.300000,25.410000
40410,1002.560000,23.930000,1002.290000,25.440000
40440,1002.540000,23.940000,1002.270000,25.440000
40470,1002.530000,23.940000,1002.300000,25.460000
40500,1002.570000,23.960000,1002.330000,25.500000
40530,1002.580000,23.950000,1002.330000,25.540000
40560,1002.590000,23.990000,1002.330000,25.560000
40590,1002.590000,23.990000,1002.330000,25.560000
40620,1002.590000,24.000000,1002.310000,25.590000
40650,1002.560000,24.010000,1002.310000,25.590000
40680,1002.580000,24.020000,1002.320000,25.610000
40710,1002.580000,24.030000,1002.320000,25.630000
40740,1002.580000,24.040000,1002.320000,25.640000
40770,1002.580000,24.030000,1002.330000,25.650000
40800,1002.590000,24.050000,1002.320000,25.650000
40830,1002.580000,24.070000,1002.330000,25.650000
40860,1002.590000,24.080000,1002.330000,25.670000
40890,1002.590000,24.090000,1002.330000,25.700000
40920,1002.580000,24.090000,1002.330000,25.730000
40950,1002.580000,24.120000,1002.330000,25.730000
40980,1002.580000,24.130000,1002.320000,25.770000
41010,1002.580000,24.140000,1002.320000,25.760000
